тк,Окно приемки
503,16:00-20:00
601,08:00-14:00
603,00:01-06:00
605,00:01-06:00
606,08:00-11:00
607,00:01-06:00
608,00:01-06:00
609,09:00-16:00
610,00:01-06:00
614,08:00-14:00
615,00:01-06:00
616,00:01-06:00
621,00:01-08:00
623,00:01-06:00
625,08:00-15:00
626,00:01-06:00
627,16:00-21:00
628,15:00-18:00
629,07:00-14:00
630,00:01-06:00
632,07:00-13:00
636,00:01-06:00
639,00:01-06:00
642,00:01-06:00
643,00:01-06:00
644,08:00-14:00
647,08:00-14:00
648,08:00-14:00
649,08:00-14:00
651,08:00-13:00
656,08:00-14:00
660,00:01-06:00
661,00:01-06:00
664,08:00-14:00
665,08:00-14:00
667,00:01-06:00
669,08:00-15:00
670,00:01-06:00
673,00:01-06:00
675,08:00-14:00
680,00:01-06:00
1300,00:01-06:00
1303,15:00-18:00
1304,09:00-14:00
1305,07:00-12:00
1306,00:01-06:00
1307,15:00-18:00
927891,15:00-18:00
1309,07:00-13:00
927677,15:00-18:00
928156,08:00-14:00
927851,15:00-21:00
1313,23:00-03:00
1314,07:00-13:00
1316,07:00-13:00
1320,20:00-23:59
927843,15:00-18:00
1323,07:00-13:00
1329,12:00-18:00
1330,08:00-14:00
1331,00:01-06:00
1333,08:00-14:00
1334,17:00-22:00
1335,00:01-06:00
1336,08:00-15:00
1337,00:01-06:00
1338,00:01-06:00
1340,15:00-18:00
927934,15:00-18:00
1342,00:01-07:00
1343,08:00-14:00
1344,08:00-14:00
1346,08:00-14:00
1347,08:00-12:00
1351,08:00-14:00
1352,08:00-14:00
1357,07:00-14:00
1360,00:01-06:00
1361,17:00-22:00
1362,15:00-18:00
1363,08:00-14:00
1370,00:01-06:00
1371,09:00-14:00
1373,15:00-18:00
1374,07:00-13:00
1375,08:00-15:00
1376,08:00-14:00
1377,07:00-13:00
1378,09:00-14:00
1380,08:00-14:00
1381,07:00-13:00
1384,08:00-15:00
1386,00:01-06:00
1387,18:00-21:00
1388,00:01-06:00
1391,15:00-18:00
1392,15:00-18:00
1393,08:00-14:00
1395,15:00-18:00
1397,08:00-14:00
1402,07:30-14:00
1403,00:01-06:00
1404,08:00-14:00
1405,08:00-14:00
1406,08:00-14:00
1409,09:00-14:00
1410,08:00-14:00
1412,09:00-16:00
1413,15:00-18:00
1414,08:00-13:00
1415,07:30-14:00
1416,15:00-18:00
1417,07:00-12:00
1418,08:00-14:00
1419,08:00-14:00
1422,19:00-23:00
1424,20:00-23:00
1425,08:00-14:00
1431,08:00-14:00
1435,00:01-06:00
1445,08:00-14:00
1446,15:00-18:00
1447,09:00-13:00
1448,14:00-19:00
1449,15:00-18:00
1450,15:00-18:00
1451,08:00-14:00
1453,10:00-17:00
1454,15:00-19:00
927676,07:00-11:00
1456,15:00-19:00
1457,15:00-18:00
1458,08:00-13:00
1459,00:01-06:00
1462,07:00-16:00
1463,07:00-14:00
1464,00:01-06:00
1466,08:00-12:00
3002,09:00-11:00
3012,08:00-14:00
3014,09:00-15:00
927849,09:00-15:00
3024,00:01-06:00
3025,00:01-06:00
927678,00:01-06:00
926967,09:00-15:00
3033,09:00-14:00
3037,09:00-14:00
3038,00:01-06:00
3039,00:01-06:00
3043,09:00-15:00
3044,00:01-06:00
3046,15:00-18:00
3063,09:00-15:00
927889,09:00-15:00
3072,15:00-18:00
3076,00:01-06:00
3088,00:01-06:00
3090,09:00-11:00
3091,00:01-06:00
927834,10:00-15:00
3102,00:01-06:00
926966,09:00-15:00
927128,00:01-06:00
3119,00:01-06:00
3134,00:01-06:00
927109,00:01-06:00
3154,08:00-14:00
928145,09:00-15:00
3168,00:01-06:00
927894,10:00-15:00
927269,10:00-15:00
3175,11:00-18:00
3176,11:00-18:00
3180,11:00-18:00
3182,08:30-15:00
3185,11:00-18:00
927110,00:01-06:00
3197,00:01-06:00
682,00:01-06:00
683,08:00-14:00
927850,09:00-15:00
927893,09:00-15:00
927877,09:00-15:00
509,11:00-18:00
927955,09:00-15:00
928007,09:00-15:00
928008,09:00-15:00
928043,09:00-15:00
928059,09:00-15:00
513,00:01-06:00
928176,09:00-15:00
928195,09:00-18:00
928286,09:00-15:00
928338,09:00-15:00
